<?xml version="1.0" encoding="UTF-8"?><?xml-stylesheet type="text/css" href="idempiereDocument.css"?><idempiereDocument>
    <header>NOTIFICACIONES Package Description</header>
    <H1>Package Name:</H1>
    <packagename>NOTIFICACIONES</packagename>
    <H1>Author:</H1>
    <Name:/>
    <H1>Email Address:</H1>
    <Email>osmar.benavidez@gmail.com</Email>
    <H1>Created:</H1>
    <Date>2016-10-04 11:42:17.836</Date>
    <H1>Updated:</H1>
    <Date>2016-10-04 13:50:36.111</Date>
    <H1>Description:</H1>
    <description>Plugin de Notificaciones Idempiere permite disparar alertar custumizadas de Tablas y Procesos.</description>
    <H1>Instructions:</H1>
    <instructions/>
    <H1>Files in Package:</H1>
    <file>File: PackOut.xml</file>
    <filedirectory>Directory: \dict\</filedirectory>
    <filenotes>Notes: Contains all application/object settings for package</filenotes>
    <H1>Client:</H1>
    <Client>0-SYSTEM-System</Client>
</idempiereDocument>
